id,title,title_kana,author,author_kana,circle_name,date,event,category,reference_works,picture,is_official_creator,is_collaboration,is_adult,genre,summary,memo,url
138,めっちゃLOVEホリデー,めっちゃLOVEホリデー,きたく,きたく,帰宅時間,2024-01-01,11,1,1,138,f,f,t,ちさたきリバあり,ちさたきのえっちな休日を描きました,,https://www.pixiv.net/artworks/114253303
137,たいくつな映画は××の合図,たいくつなえいがは××のあいず,ちょりsow,ちょりsow,Delta Chord,2023-12-30,11,1,1,137,f,f,t,ちさたき,恋人と一緒につまらない映画を観てると、映画よりも相手のことが気になるよね…というお話。<br>キス描写多め。イチャイチャしてます。,,https://www.pixiv.net/artworks/114225350
25,この時間が全部好き。,このじかんがぜんぶすき。,"イム・ぽてむ, あまみひより, 輿水かしこ, しりうす184, オーミヤ, あっぷるふ, ゆるもっくす, とーくん, 玉田かしわ, いぬぺん, きびの","いむ・ぽてむ, あまみひより, こしみずかしこ, しりうす184, オーミヤ, あっぷるふ, ゆるもっくす, とーくん, たまだかしわ, いぬぺん, きびの",いも・ぽてと,2023-02-18,5,4,1,25,f,t,f,,千束とたきなのあったかもしれない12ヶ月,,
24,君にもらったものばかり,きみにもらったものばかり,イム・ぽてむ,いむ・ぽてむ・ぽてむ,いも・ぽてと,2023-09-10,10,1,1,24,f,f,f,,千束失踪後のたきなの話,,
23,キミと私ともう一度,キミとわたしともういちど,ハリルネル,はりるねる,箱中羽,2023-09-10,10,2,1,23,f,f,f,,転生パロ、記憶なし大学生井ノ上たきな × 記憶あり小学生錦木千束,,
22,これからもヨロシク,これからもヨロシク,フジサワ,ふじさわ,藤ノ木堂,2023-09-10,10,2,1,22,f,f,f,,千束とたきなが20歳を迎えるまで,,
21,キミガスキ,キミガスキ,フジサワ,ふじさわ,藤ノ木堂,2023-05-28,8,2,1,21,f,f,f,,両片思い,,
20,Three Months,Three Months,フジサワ,ふじさわ,藤ノ木堂,2023-05-28,8,2,1,20,f,f,t,,ちさたき小説のまとめ本,,
2,いとしい人は、ずるい人。,いとしいひとはずるいひと,ヒノタロウ,ひのたろう,チームヒノハラ,2022-11-23,3,2,1,2,f,f,t,ちさたきオメガバース,pixivに掲載しているちさたきオメガバースシリーズに描き下ろしを付け足した半再録本になります。（再録約40000字＋描き下ろし約30000字）<br>アニメ時系列に沿って千束（α）とたきな（Ω）がすれ違いつつも最終的に結ばれるお話です。7割くらいエッチシーンです。<br>※数ページだけ名無しモブが登場しますので注意願います。（ちさたきの当て馬になります）,,
171,生理激重たきなちゃん本(健全)＊嘔吐もあるよ,せいりげきおもたきなちゃんぼん(けんぜん)＊おうともあるよ,ヒノタロウ,ひのたろう,チームヒノハラ,2023-02-18,5,2,1,171,f,f,t,ちさたき,ちさたきコピ本(A5/20P/100円)です。本文は１万３千字程度です。<br>内容はタイトルの通り。,,https://hinotaro.booth.pm/items/4536959
1,Angraecum,Angraecum,Яui,Rui,すのーどろっぷ,2023-04-16,6,1,1,1,f,f,t,ちさたき(25:24),ちさたき(25:24)<br>B5/28P/成人向け<br>ただけ仕事の日のおうちでの2人を書いてます！,,https://www.pixiv.net/artworks/107182917
139,端と端,はしとはし,虫ハラ,むしハラ,台北人,2023-12-30,11,1,1,139,f,f,t,たきちさ (ft),たきちさ総集編,,https://www.melonbooks.co.jp/detail/detail.php?product_id=2172676
35,Feel Good?,Feel Good?,バスロマン,ばすろまん,ぽかぽかバスルーム,2023-09-10,10,1,1,35,f,f,t,,千束に良くなって欲しくて一生懸命がんばるたきなの話,,
34,Especially for you,Especially for you,バスロマン,ばすろまん,ぽかぽかバスルーム,2023-02-18,5,1,1,34,f,f,f,,付き合ってないちさたき、事故チュー,,
172,無題,むだい,たぶん犬,たぶんいぬ,どっぐらん,2024-04-29,16,2,1,172,f,f,f,ちさたき,井ノ上たきなという道具の話。,E:\booth\たぶん犬\【DL版】無題.pdf,https://yavaiinu.booth.pm/items/5666702
33,かげふみハイビスカス,かげふみハイビスカス,祈り,いのり,海を売る家,2023-08-12,9,1,1,33,f,f,f,,たきなにはもう戦ってほしくない千束と、何があっても千束と一緒に居たいたきな,,
36,Record & Recording,Record & Recording,虫原,むしはら,台北人,2022-09-25,2,1,1,36,f,f,t,,ftnrたきちさ,,
151,恋するなら君と,こいするならきみと,参号,さんごう,G.MARK,2023-12-30,11,1,1,151,f,f,f,かばのり,潜入捜査をするちさたき本。,,https://www.melonbooks.co.jp/detail/detail.php?product_id=2266737
119,永遠に満たして。,えいえんにみたして。,Koshion,Koshion,未観測AOHaru譚,2023-09-10,10,2,1,119,f,f,t,,オメガバース。α千束×Ωたきな,,
92,リコリコリフレイン,リコリコリフレイン,十乙加,とおか,十日茶屋,2023-08-12,9,3,1,92,f,f,f,,アニメ本編1～8話をテーマにしたイラスト(+α)のまとめ本,,
131,焦燥,しょうそう,Koshion,Koshion,"未観測AOHaru譚, あまみ養鶏場",2023-02-18,5,1,1,131,f,f,t,,ちさたき、葛藤と焦燥,,
143,たきなかわいい!,たきなかわいい!,ぴかち,ぴかち,えねるぎあ,2023-12-30,11,1,1,143,f,f,f,ちさたき,千束がたきなを愛でる本です。,,https://www.pixiv.net/artworks/115445839
144,フラグは壊すもの,フラグはこわすもの,りた,りた,回転キカン,2023-12-30,11,1,1,144,f,f,f,ちさたき,錦木さんと井ノ上さんが一緒に過ごしてる冬の話,,https://www.pixiv.net/artworks/114437188
145,雪が溶けたら,ゆきがとけたら,七色,なないろ,あめいろ,2023-12-30,11,1,1,145,f,f,t,ちさたき,ちさたき百合H本,,https://www.pixiv.net/artworks/114559894
146,Blue Attack,Blue Attack,ゅ,ゅ,くるぶし,2023-12-30,11,1,1,146,f,f,t,ちさたき,ちさたき,,https://www.melonbooks.co.jp/detail/detail.php?product_id=2259015
148,とあるファーストの寝かしつけ方,とあるファーストのねかしつけかた,Mytyl,Mytyl,そらみみ,2023-12-30,11,1,1,148,f,f,t,ちさたき,夜中に悪夢で目が覚めちゃった千束がたきなに甘える内容のたきちさ本です。,,https://www.pixiv.net/artworks/114530908
149,Subsolar Point,Subsolar Point,PND,PND,PENG-MODEL,2023-12-30,11,1,1,149,f,f,t,たきちさ,ftnrたきちさ,,https://www.pixiv.net/artworks/114629610
155,可愛いって言うの禁止,かわいいっていうのきんし,mato,mato,明日もヒマなので,2023-08-12,9,1,2,155,f,f,f,ユフィアニ,ユフィアニ,,https://x.com/mato_hima/status/1688854362880368640
156,魅惑のボンボンショコラ　上巻,みわくのボンボンショコラ　じょうかん,machine,"machine
",machine,2023-08-12,9,1,2,156,f,f,f,ユフィアニ,ユフィアニ,,https://machine.booth.pm/items/5000358
140,リコリスの逃避行,リコリスのとうひこう,上村なびあ,かみむらなびあ,京まじょ！,2023-12-30,11,1,1,140,f,f,f,ちさたき,リコリス・リコイルのちさたき本です。<br>千束の前に車に乗って颯爽と現れたたきな、千束に対して「DA」「自分」どちらかを選ぶように言い放ち…?<br>ちさたきイチャイチャ話。,,https://www.pixiv.net/artworks/114055478
68,体温、鼓動,たいおん、こどう,ぴかち,ぴかち,energia,2022-12-30,4,1,1,68,f,f,t,,ハワイ行く前に千束とたきながベッドインする話（リバ有）,,
69,この夜を越えたら,このよるをこえたら,ぴかち,ぴかち,energia,2022-12-30,4,1,1,69,f,f,t,,無自覚デレ期のたきなに『好き』を教える千束,,
70,映画を観よう,えいがをみよう,ぴかち,ぴかち,energia,2023-02-18,5,1,1,70,f,f,t,,付き合っている前提の千束とたきなが映画を観ながらイチャイチャするだけ,,
166,はじめまして、運命のひと,はじめまして、うんめいのひと,なんとか,なんとか,piiiiiitaso,2023-12-30,11,2,1,166,f,f,t,ちさたき社会人パロ,駆け出しカメラマンのたきな×企業の企画開発部の千束の社会人パロです。　<br>B6/R18/本文140ページです。,,https://piiiiiitaso.booth.pm/items/5381352
158,私の嫁になりませんか？,わたしのよめになりませんか？,律空,りっくう,果物一途,2023-05-20,13,1,1,158,f,f,t,たきちさ,ハワイで同性婚式を見た後、千束は自分の気持ちに気づき、自分のパートナーに対する感情を真剣に考えるようになった。,,https://www.pixiv.net/artworks/108147538
159,君のことずっと覚えていたい,きみのことずっとおぼえていたい,律空,りっくう,果物一途,2023-08-19,13,1,1,159,f,f,t,ちさたき,ちさたきホテルえっち,,https://www.pixiv.net/artworks/110953309
160,キミへの愛は本能に,キミへのあいはほんのうに,律空,りっくう,果物一途,2023-10-07,13,1,1,160,f,f,t,ちさたきオメガバース,ちさ(7)たき(16)-オメガバース(ABO)本  ,,https://www.pixiv.net/artworks/111740780
162,Dear My Baby!,Dear My Baby!,ゆうき,ゆうき,今日もみなみ風,2023-12-30,11,3,1,162,f,f,t,ちさたき,Twitterに掲載したイラストや漫画の再録本です。描き下ろし漫画も収録。,,https://twitter.com/yunkyillust/status/1737069799648456975
165,女王陛下のそらもよう。,じょうおうへいかのそらもよう。,sana*,sana*,sanapomepome,2023-12-30,11,1,2,165,f,f,f,ユフィアニ,転生王女と天才令嬢の魔法革命、アニユフィ本全年齢漫画です！,E:\booth\sana\女王陛下の空模様.pdf,https://sanapomepome0103.booth.pm/items/5378218
167,Lustrousness,Lustrousness,"とーくん, ゅ","とーくん, ゅ",青部屋,2023-12-30,11,1,1,167,f,f,f,ちさたき,宮古島で再会した千束とたきながワイハに行くまでの間にお互いの気持ちを確かめ合うお話です。,,https://www.pixiv.net/artworks/114687253
168,peace time planet,peace time planet,みみすけ,みみすけ,ベッドでたこパ,2023-12-30,11,2,1,168,f,f,f,ちさたき,ちさたきちゃんがハワイでわちゃわちゃ過ごす小説,,https://www.pixiv.net/artworks/114416705
161,Love begets love,Love begets love,たぶん犬,たぶん犬,どっぐらん,2023-12-30,11,2,1,161,f,f,t,アルファたきな×オメガ千束,オメガバース。アルファたきな×オメガ千束。<br>エロがメインではなく、子供が出来て家族になる部分がメインの話,,https://www.pixiv.net/novel/show.php?id=21449038
163,転生王女と天才令嬢の催淫革命,てんせいおうじょとてんさいれいじょうのさいいんかくめい,ちんげろ,ちんげろ,もえぷっしゅ,2023-10-09,14,1,2,163,f,f,t,ユフィアニftnr,本文38ページフル着衣ユフィアニS〇X本!<br>ftnrが苦手な方でも楽しめるよう配慮しています(個人の主観です),,https://www.melonbooks.co.jp/detail/detail.php?product_id=2115175
164,あの日々をもう一度,あのひびをもういちど,ジョー,じょー,ジョーの裏庭,2023-12-30,11,2,2,164,f,f,f,ユフィアニ現パロ,ユフィアニ現パロ,E:\booth\ジョー\あの日々をもう一度.pdf,https://jo-whiteowl.booth.pm/items/5385630
104,Spring,Spring,古本屋,ふるほんや,しおり屋本舗,2023-05-01,1,1,1,104,f,f,f,,千束とたきながお花見をするお話,,
105,LYCORIS SCHOOL LIFE,LYCORIS SCHOOL LIFE,古本屋,ふるほんや,しおり屋本舗,2023-10-21,1,1,1,105,f,f,f,,高校生のちさたきがわちゃわちゃする学パロ短編集,,
106,2人はなかよし,ふたりはなかよし,橘裕,"たちばな ゆたか
",ボラット158 ,2023-08-12,9,1,1,106,f,f,f,,戦闘、日常のリコリコ本,,
97,君と私の、関係の、証明。,きみとわたしの、かんけいの、しょうめい。,上村なびあ,かみむらなびあ,京まじょ！,2023-02-18,5,1,1,97,f,f,t,,交際を開始した千束とたきな,,
7,Tulip〜after that〜,Tulip〜after that〜,Яui,Rui,すのーどろっぷ,2023-09-10,10,1,1,7,f,f,t,,25:12ちftnr,,
6,寵愛,ちょうあい,"狼瀬游, けだまだらけ, ゼロ, つかさかな, 鳥刺, はて奈, ハーフアップ, ヒノタロウ, 木木木, まよ, Mac, mobu",おおかみせゆう,碧狼舍,2023-09-10,10,2,1,6,f,t,t,,左右固定小説合同本,,
9,リュコーリアス,リュコーリアス,たぶん犬,たぶんいぬ,どっぐらん,2023-02-18,5,2,1,9,f,f,f,,騎士たきな×王女千束 中世パロ。,,
10,常夜童子に花簪,とこよどうじにはなかんざし,たぶん犬,たぶんいぬ,どっぐらん,2023-02-18,5,2,1,10,f,f,f,,鬼たきな×花嫁千束,,
11,Pact of Flower,Pact of Flower,たぶん犬,たぶんいぬ,どっぐらん,2022-12-30,4,2,1,11,f,f,f,,ハリポタパロ,,
12,My Dear Flower,My Dear Flower,たぶん犬,たぶんいぬ,どっぐらん,2022-12-30,4,2,1,12,f,f,t,,黒コートたきな(30) × リコリス千束(17),,
13,Move Forward,Move Forward,たぶん犬,たぶんいぬ,どっぐらん,2023-04-16,6,2,1,13,f,f,f,,本編時空,,
14,Not Terminate,Not Terminate,たぶん犬,たぶんいぬ,どっぐらん,2023-05-28,8,2,1,14,f,f,t,,TSリリベル井ノ上if,,
15,とある探偵の事件簿１,とあるたんていのじけんぼ1,たぶん犬,たぶんいぬ,どっぐらん,2023-09-10,10,2,1,15,f,f,f,,探偵夫婦,,
17,Tea Time,Tea Time,お茶,おちゃ,あんころもち,2023-02-18,5,1,1,17,f,f,f,,ラブコメ漫画短編集,,
18,First Emotion,First Emotion,お茶,おちゃ,あんころもち,2023-05-28,8,1,1,18,f,f,f,,両片想いをしている千束とたきなが旅館にお泊まりする漫画,,
19,Season,Season,お茶,おちゃ,あんころもち,2023-09-10,10,1,1,19,f,f,f,,お付き合いしてるちさたきが過ごす四季短編集,,
98,Mating between Spider Lilies,Mating between Spider Lilies,上村なびあ,かみむらなびあ,京まじょ！,2023-08-12,9,1,1,98,f,f,t,,ちさたき百合えっち本,,
99,ふたりの時間、大切な宝物,ふたりのじかん、たいせつなたからもの,"花染なぎさ, 涼風凛","はなぞめなぎさ, すずかぜりん",Tea Time,2023-08-13,9,3,1,99,f,f,f,,千束とたきな、二人をテーマにした百合短編小説イラスト集,,
4,Tulip,Tulip,Яui,Rui,すのーどろっぷ,2023-09-10,10,1,1,4,f,f,t,,25:12,,
3,Lupinus,Lupinus,Яui,Rui,すのーどろっぷ,2023-05-28,8,1,1,3,f,f,f,,25:3,,
118,朝と幕間と夜,あさとまくまとよる,御坂マリス,みさかまりす,花林糖工房,2023-09-10,10,1,1,118,f,f,t,,ちさたき「私は君と会えて2」エア新刊。,,
8,また会える日を楽しみに,またあえるひをたのしみに,黒竹十歩,くろたけじっぽ,黒竹十歩,2023-05-12,1,2,1,8,f,f,f,ちさたき転生パロ,リコリス・リコイル転生パロ<br>6歳と17歳で出会ってからの20年。<br>錦木千束が約束を守って、井ノ上たきなの初恋が成就するお話。,"<a href='"https://privatter.me/page/659bd7aa84be4'" target='"_blank'">おまけ</a>、 psss: iseebi<br><a href='"https://privatter.me/page/659bd7aa9376d'" target='"_blank'">おまけ(R-18)</a>、  pass: whiteout",https://twitter.com/krtkzippo/status/1655542546653913089
115,SAY Cheese!,SAY Cheese!,ｶﾒﾀ,かめた,こうらぼし,2023-09-10,10,2,1,115,f,f,t,,大学生パロ。錦木千束(22)×井ノ上たきな(18),,
114,Ribbon,Ribbon,ｶﾒﾀ,かめた,こうらぼし,2023-09-10,10,2,1,114,f,f,t,,幼馴染みパロ,,
113,Teacher × Teacher,Teacher × Teacher,ｶﾒﾀ,かめた,こうらぼし,2023-02-18,5,2,1,113,f,f,t,,教師パロラブコメ。体育教師 錦木千束(25)×保健室養護教諭 井ノ上たきな(24),,
109,unceasing rhyme,unceasing rhyme,"ルー, ying, 狼瀬游, 笹塚, しらたま, バスロマン, mobu, 律空, 理尽","るー, ying, 狼瀬游, 笹塚, しらたま, バスロマン, mobu, 律空, 理尽",洛北開発,2023-09-10,10,4,1,109,f,t,t,,ちさたき二人の人生の「ひとコマ」を物語に。,,
100,HANEHON-LycoRecoVer-,HANEHON-LycoRecoVer-,ハリルネル,はりるねる,箱中羽,2023-02-18,5,1,1,100,f,f,f,,イラストのまとめ本,,
64,始まりへの鼓動,はじまりへのこどう,イスミ,いすみ,FLORAISON,2022-11-23,3,1,1,64,f,f,f,,電子版。DAへライセンス更新に行く2人のお話,,
50,はなのいろ,はなのいろ,ガミラス,がみらす,ガミラス,2022-11-23,3,1,1,50,f,f,f,,ちさととたきながJKを楽しむ話,,
47,いかにして錦木千束と井ノ上たきなは愛し合うようになったか,いきにしてにしきぎちさとといのうえたきなはあいしあうようになったか,オーミヤ,おーみや,近江屋商事,2023-08-12,9,2,1,47,f,f,f,,ちさたきイチャイチャ話とちょっと重い話,,
46,リコリス・リコイル Special Days,リコリス・リコイル Special Days,オーミヤ,おーみや,近江屋商事,2023-02-18,5,2,1,46,f,f,f,,設定資料初期案のちさたき,,
45,千束とたきなは絶対いっしょ,ちさととたきなはぜったいいっしょ,オーミヤ,おーみや,近江屋商事,2022-12-31,4,2,1,45,f,f,f,,二次創作のベストアルバム、400p鈍器本,,
16,Too Loud a Solitude,Too Loud a Solitude,アズモン,あずもん,喧騒,2023-09-10,10,1,1,16,f,f,t,,ちさたき,,
28,もしもキミが,もしもキミが,櫻田円,さくらだえん,ものくろ*しがぁる,2023-02-18,5,1,1,28,f,f,f,,もしも世界から千束が消えてしまったら」、「たきながやきもちをやいたら」,,
29,The Little First !,The Little First !,櫻田円,さくらだえん,ものくろ*しがぁる,2023-09-10,10,1,1,29,f,f,f,,年齢差パロ（千束が10歳）,,
30,遊泳,ゆうえい,あるぱかコ,あるぱかコ,アルパカ牧場,2023-02-18,5,1,1,30,f,f,f,,水族館デート,,
31,キミとしたいこと。,キミとしたいこと。,あるぱかコ,あるぱかコ,アルパカ牧場,2023-09-10,10,1,1,31,f,f,t,,ちさたき初夜本,,
32,ペンギンの女神さま,ペンギンのめがみさま,祈り,いのり,海を売る家,2023-02-18,5,1,1,32,f,f,f,,フォトウェディング,,
37,Surprise & Seduce,Surprise & Seduce,虫原,むしはら,台北人,2022-12-31,4,1,1,37,f,f,t,,ftnrたきちさ,,
38,Tempt & Throb,Tempt & Throb,虫原,むしはら,台北人,2023-08-13,9,1,1,38,f,f,t,,ftnrたきちさ,,
39,New Year’s Day,New Year’s Day,かや葺,かやぶき,東4号斜坑,2023-02-18,5,1,1,39,f,f,f,,隅田川七福神めぐり,,
40,ぼくにはちょっぴり ぜいたくなきみへ,ぼくにはちょっぴり ぜいたくなきみへ,きびの,きびの,きびなごのおつくり,2023-02-18,5,1,1,40,f,f,f,,錦木さんがヘタレな両片想い本,,
41,少しだけ、覗き見。,すこしだけ、のぞきみ,くまシャ,くまシャ,くまさん牧場,2023-09-10,10,1,1,41,f,f,f,,日常漫画の短編&フルカラーイラスト,,
42,何でもないよ,なんでもないよ,くろごま,くろごま,明日のカレーパン,2023-04-16,6,1,1,42,f,f,f,,何でもない、たきなとちさとの日常,,
43,キミのトリコ,キミのトリコ,けだまだらけ,けだまだらけ,Les Bouloches,2023-09-10,10,1,1,43,f,f,t,,千束失踪からのふたりが結ばれるまで,,
48,きみのひとみの りんごにしてよ,きみのひとみの りんごにしてよ,はそ,はそ,みけねこぶた,2023-02-18,5,1,1,48,f,f,f,,ちさたき,,
49,荒廃に足跡を刻む,こうはいにあしあとをきざむ,はて奈,はてな,しんぷるふ,2023-02-18,5,2,1,49,f,f,t,,オメガバース　第二の性への葛藤と、DA上層部の思惑から二人のすれ違い,,
53,きみと会えて嬉しい,きみとあえてうれしい,宗田,むねた,そうではない,2023-09-10,10,1,1,53,f,f,f,,ハワイから帰ってきた2人、糖度高め,,
51,ひとりごとにしないで,ひとりごとにしないで,ゴドー,ごどー,春蘭秋菊,2023-02-18,5,2,1,51,f,f,f,,ちさたき短編小説集,,
27,Stay with You ちさたきアンソロジー2,Stay with You ちさたきアンソロジー2,"五月雨葉月, あるぱかコ, イム・ぽてむ, お茶, おゆゆ, かげお, カボちゃ, 銀, きんく, 草葉える, 櫻田円, 紫のあ, ソラナミもんき, 炭酸, Chiaya, てぃつ丸, とむ, とりごん, Pt, 古本屋, 兵衛, ベニカ, 村田駿, もーりす, 夜船ユウキ, Яui, ロシマ, 割れたメガネ","さみだれはづき, あるぱかコ, イム・ぽてむ, お茶, おゆゆ, かげお, カボちゃ, 銀, きんく, 草葉える, 櫻田円, 紫のあ, ソラナミもんき, 炭酸, Chiaya, てぃつ丸, とむ, とりごん, Pt, 古本屋, 兵衛, ベニカ, 村田駿, もーりす, 夜船ユウキ, Яui, ロシマ, 割れたメガネ",LiliumCasablanca,2023-08-12,9,4,1,27,f,t,f,,錦木千束&井ノ上たきな中心“ちさたき”アンソロジー第二弾,,
26,Stand by Me ちさたきアンソロジー,Stand by Me ちさたきアンソロジー,"五月雨葉月, あおいすず, あおば, あるぱかコ, 泉上楓, 磯辺, 上村なびあ, おゆゆ, カボちゃ, 銀, くるみ屋さん(N''s), くろと, Ca-ke, ごましを, Koyomania, 櫻田円, 自家製, 四季みつば, ソラナミもんき, 鷹なゆ, 徒歩10分, にいな涼, Pt, ハリルネル, びびり, ベニカ, まち, 虫原, 紫のあ, 村田駿, ヤマトバンビーズ, yR., ろここ","さみだれはづき, あおいすず, あおば, あるぱかコ, 泉上楓, 磯辺, 上村なびあ, おゆゆ, カボちゃ, 銀, くるみ屋さん(N''s), くろと, Ca-ke, ごましを, Koyomania, 櫻田円, 自家製, 四季みつば, ソラナミもんき, 鷹なゆ, 徒歩10分, にいな涼, Pt, ハリルネル, びびり, ベニカ, まち, 虫原, 紫のあ, 村田駿, ヤマトバンビーズ, yR., ろここ",LiliumCasablanca,2022-12-30,4,4,1,26,f,t,f,,錦木千束&井ノ上たきな中心“ちさたき”アンソロジー,,
54,愛のしるし ‘A‘ohe mea ‘imi a ka maka.,あいのしるし ‘A‘ohe mea ‘imi a ka maka.,"モツ煮, 刹那莉織","もつに, せつなりおり",はいから亭,2023-02-18,5,2,1,54,f,f,f,,ハワイと結婚をテーマにした表題作の他4本。,,
55,ワタシ似,ワタシに,眉無し,まゆなし,鍋奉行,2023-05-07,7,1,1,55,f,f,t,,たきなに知らせず1人で依頼に行く千束が、別の依頼に行っていたたきなと出くわす話,,
56,たきなとちさと。,たきなとちさと。,眉無し,まゆなし,鍋奉行,2023-05-07,7,1,1,56,f,f,t,,たきな視点から描いた、千束が食われる話,,
57,受け入れて全力!,うけいれてぜんりょく!,眉無し,まゆなし,鍋奉行,2023-09-10,10,1,1,57,f,f,f,,学パロ前編,,
58,白の季節,しろのきせつ,ゅ,ゅ,くるぶし,2023-02-18,5,1,1,58,f,f,f,,千束が消えてから、再会あたりまでの話,,
59,虹の季節,にじのきせつ,ゅ,ゅ,くるぶし,2023-09-10,10,1,1,59,f,f,f,,「チチクリアウ」について話す千束とたきなの話,,
60,桜吹雪,さくらふぶき,空布,そらぬの,洛北開発,2023-02-18,5,2,1,60,f,f,t,,リコリコ小説27本短編集,,
61,フォーカスモード,フォーカスモード,吉井染野,よしいそめの,奈落,2023-09-10,10,1,1,61,f,f,f,,女優の井ノ上たきなさんとその専属マネージャーを務める錦木千束さん,,
62,Snatched!,Snatched!,"はて奈, 吉井染野","はてな, よしいそめの",奈落,2023-09-10,10,1,1,62,f,f,t,,ちさたき合同誌,,
66,"Live, love, laugh and be happy","Live, love, laugh and be happy",七色,なないろ,あめいろ,2023-02-18,5,1,1,66,f,f,f,,結婚式場の宣伝写真を撮影する事になったふたり,,
67,Lilium・Relation,Lilium・Relation,卯屋悠,うやゆう,悠ごはん,2023-09-10,10,1,1,67,f,f,f,,千束とたきながデートするお話,,
71,痕-KIZUATO-,あと -KIZUATO-,ぴかち,ぴかち,energia,2023-08-12,9,1,1,71,f,f,t,,お互いの傷痕に触れる『痕』をテーマにしたプチシリアスなたきちさ本,,
72,喫茶リコリコ限定生配信 -LycoReco Limited Live-,きっさリコリコげんていなまはいしん -LycoReco Limited Live-,ぴかち,ぴかち,energia,2023-08-12,9,1,1,72,f,f,t,,伊藤さんから漫画の参考のために…と頼まれた、ちさたき本,,
74,Star gazer,Star gazer,かげお,かげお,カゲイチバ,2023-09-10,10,1,1,74,f,f,t,,宮古島で再会した後のちさたき初夜本,,
75,ふたり目線,ふたりめせん,きたく,きたく,帰宅時間,2023-05-28,8,1,1,75,f,f,t,,見つめて、見つめられて、見つめ合って,,
76,ちぃとたきな,ちぃとたきな,銀,ぎん,銀時計,2023-04-16,6,1,1,76,f,f,f,,千束ちゃんとちぃこいたきなちゃんがわちゃわちゃしたりする本,,
77,たぁと千束,たぁとちさと,銀,ぎん,銀時計,2023-09-10,10,1,1,77,f,f,f,,ちぃこい千束ちゃんとたきなちゃんのわちゃわちゃした日常,,
80,言葉を使わなくても,ことばをつかわなくても,"さつにゃん, アカミ","さつにゃん, アカミ",箱のなかには「黒猫とみかん」,2023-09-10,10,1,1,80,f,f,f,,ゆるふわの学パロちさたき,,
81,傷には弾丸を,きずにはだんがんを,"さつにゃん, てる","さつにゃん, てる",箱のなかには「黒猫とみかん」,2023-09-10,10,1,1,81,f,f,t,,オメガバース。ちさと(α)とたきな(Ω),,
82,夢と意志,ゆめといし,"さつにゃん, xin","さつにゃん, xin",箱のなかには「黒猫とみかん」,2023-09-10,10,1,1,82,f,f,t,,ちさたきの初夜のお話,,
83,ふたりごと,ふたりごと,"参号, 五葉","さんごう, いつつば",G.MARK,2022-11-23,3,1,1,83,f,f,f,,ちさたき合同誌,,
84,キスしないと出れない部屋,キスしないとでれないへや,"参号, 五葉","さんごう, いつつば",G.MARK,2023-02-18,5,1,1,84,f,f,f,,キスしないと出れない部屋に閉じ込められた千束とたきなのお話,,
85,てぇてぇしないと出れない島。,てぇてぇしないとでれないしま。,参号,さんごう,G.MARK,2023-08-12,9,1,1,85,f,f,f,,てぇてぇしないと出れない島に閉じ込められたちさたき本,,
86,君が好きで好きでしかたがない,きみがすきですきでしかたがない,参号,さんごう,G.MARK,2023-09-10,10,1,1,86,f,f,f,,急な雨にふられて一緒にお風呂に入ったりするちさたき本,,
87,Lycoris Color,Lycoris Color,だーす,だーす,RECOLORS,2023-02-18,5,3,1,87,f,f,f,,錦木千束と井ノ上たきなのイラストまとめ,,
88,Same Shit Different Day,Same Shit Different Day,あかべこ,あかべこ,だらけ組,2023-08-12,9,1,1,88,f,f,f,,ちさたき,,
89,RIDE or DIE,RIDE or DIE,あかべこ,あかべこ,だらけ組,2022-12-30,4,1,1,89,f,f,f,,ちさたき,,
91,"Where there is a will, there is a way","Where there is a will, there is a way",Takumi,Takumi,Telescope,2023-09-10,10,1,1,91,f,f,f,,千束の手術をめぐって千束とたきなが模擬戦で勝負するお話,,
93,ちさたきのその後,ちさたきのそのご,とりごん,とりごん,フルーツアート,2023-02-18,5,1,1,93,f,f,f,,千束とたきなの短編日常本,,
94,ちさたきとその後2,ちさたきのそのご2,とりごん,とりごん,フルーツアート,2023-09-10,10,1,1,94,f,f,f,,千束とたきなの日常漫画2話,,
78,徒花に咲く,あだばなにさく,黒田,くろだ,迷犬ウッホ,2022-11-23,3,1,1,78,f,f,f,,◇たきなが千束を起こしにいくお話<br>◇千束がたきなの傷にふれるお話,,
73,first night,first night,"かげお, イム・ポテム",かいむ・ぽてむ・ぽてむ,カゲイチバ&いも・ぽてと,2023-04-02,1,1,1,73,f,f,f,,ちさたき事前事後初夜の2人合同本,,
65,ちさたき合同本,ちさたきごうどうぼん,"イスミ, ゆきうさぎ","いすみ, ゆきうさぎ",FLORAISON,2022-11-23,3,1,1,65,f,f,f,,ちさたきの短編合同本,,
63,ちさたきの学パロ本,ちさたきのがくパロぼん,イスミ,いすみ,FLORAISON,2023-02-18,5,1,1,63,f,f,f,,ちさたき学パロ,,
95,Lycoris Kemomimi Book,Lycoris Kemomimi Book,なち蜜柑,なちみかん,ぬぬぬ壱番屋,2023-09-10,10,1,1,95,f,f,f,,けもみみ千束とたきなイラスト,,
96,"fall in love, lycoris","fall in love, lycoris",上村なびあ,かみむらなびあ,京まじょ！,2022-12-30,4,1,1,96,f,f,t,,たきなへの恋心を意識するようになってしまった千束と、千束の変化に戸惑いながら距離を縮めるたきな,,
101,LOL LOL,LOL LOL,ふどう/ぴがし,ふどう/ぴがし,pepelonche,2022-12-30,4,1,1,101,f,f,f,,ハワイ帰国後、付き合ってるのにキス以上に進めないふたり,,
102,利己々の本,りここのほん,"Tiv, 英貴","Tiv, 英貴",ヒデキングダム,2023-08-12,9,1,1,102,f,f,f,,千束と嫉妬重々たきなの、ゆるゆるいちゃいちゃとしたギャグコメディ。,,
103,夕日と君に未来を誓う,ゆうひときみにみらいをちかう,古本屋,ふるほんや,しおり屋本舗,2023-02-18,5,1,1,103,f,f,f,,宮古島期間のお話,,
90,純潔の才能,じゅんけつのさいのう,"壞茸社, ChickeIII, 4why","壞茸社, ChickeIII, 4why",壞茸社,2023-08-13,9,1,1,90,f,f,t,,史上最強のリコリスはまだ,,
107,ちさたきのあったかもしれない話,ちさたきのあったかもしれないはなし,めきめき,めきめき,めきめき亭,2022-12-30,4,1,1,107,f,f,f,,たきなが千束のために鍋焼きうどんを作る話,,
108,お互いの香りに誘われるちさたきの話,おたがいのかおりにさそわれるちさたきのはなし,めきめき,めきめき,めきめき亭,2023-08-12,9,1,1,108,f,f,f,,新婚ちさたきが添い寝したり一緒にお風呂入ったりする話,,
110,Koi,Koi,といろトイ,といろトイ,徒然道,2023-09-10,10,1,1,110,f,f,t,,●薬を吸ってしまった千束を助けるためにたきなが頑張る話,,
111,イッヌとメガネ,イッヌとメガネ,りた,りた,回転キカン,2022-11-23,3,1,1,111,f,f,f,,犬耳とメガネの話+宮古島期間の話,,
112,楽園,らくえん,"虫原, 荒鷹, 銀, とむ, ぴろん, 年上受け好き太郎, あるぱかコ, 環月紙袋, バスロマン, うりおじ, 櫻田 円, 理尽, うすい, かんせら, Mac, らずーり, 空布, オーミヤ, ヒノタロウ, カメタ, Ree, もーりす, ねこたると, 織日ちひろ","むしはら, 荒鷹, 銀, とむ, ぴろん, 年上受け好き太郎, あるぱかコ, 環月紙袋, バスロマン, うりおじ, 櫻田 円, 理尽, うすい, かんせら, Mac, らずーり, 空布, オーミヤ, ヒノタロウ, カメタ, Ree, もーりす, ねこたると, 織日ちひろ",たると日和,2022-12-30,4,4,1,112,f,t,t,,C101、24名の参加者様によるちさたきへの愛と情熱と情欲がギュ～～～ッと詰まった一冊,,
117,これからもずっと,これからもずっと,まよ,まよ,まよねーず工房,2023-08-27,1,2,1,117,f,f,t,,オメガバース。千束αたきなΩ,,
120,BlueBird,BlueBird,浪漫型筍,ろまんすたけのこ,竹林リコリコ支部,2023-02-18,5,2,1,120,f,f,f,,転生学パロ。前世の記憶を持つ優等生たきなと、前世の記憶を持たない不良生徒の千束,,
124,九月二三日、漸く頬を殴られた。,くがつにじゅうさんにち、ようやくほおをなぐられた,木木木,もり,もぉりたにあ,2023-09-10,10,2,1,124,f,f,t,,黒シャツ×黒コート テロリスト、セフレパロ,,
126,星が瞬く夜に,ほしがまたたくよるに,"もーりす, 櫻田円","もーりす, 櫻田円",MOMWOW,2023-04-16,6,2,1,126,f,f,f,,ハワイから帰国後、お試しで一週間付き合うことになった千束とたきなの物語です。,,
127,なっとるやろがい！,なっとるやろがい！,木木木,もり,もぉりたにあ,2023-09-10,10,2,1,127,f,f,t,,私は君と会えて②で無料頒布,,
128,Flowers of Unfaded,Flowers of Unfaded,山本コリス,"やまもとコリス,",性癖魔Ⅱ,2023-09-10,10,2,1,128,f,f,f,,ちさたき 花吐き病概念,,
129,ダイヤモンドリリーの花びら,ダイヤモンドリリーのはなびら,割箸,わりばし,天箸立,2023-09-10,10,2,1,129,f,f,f,,江戸時代に来てしまったたきなのお話。,,
130,"WANNA TOUCH YOU, SINCERELY","WANNA TOUCH YOU, SINCERELY",つかさ かな,つかさ かな,さかなのかせき,2023-02-18,5,2,1,130,f,f,f,,全年齢ちさたき短編5篇,,
132,二人の紡ぐ未来Ⅰ,ふたりのつむぐみらい1,星珠,せいじゅ,虹色.com,2023-09-10,10,1,1,132,f,f,t,,私は君と会えて 2同日頒布。たきちさリバあり,,
133,Their other story,Their other story,"なおきひろ, 秋乃楓","なおきひろ, あきのかえで",1/nフロウジョン,2023-09-10,10,2,1,133,f,f,f,,オリキャラリコリス,,
122,一生、離すもんですか。責任とってもらいますよ。,いっしょう、はなすもんですか。せきにんとってもらいますよ。,"うすいあずき, フミオト","うすいあずき, フミオト",あずき屋,2023-09-10,10,2,1,122,f,f,f,,ちさたき本<br>・再び千束が行方不明になるお話<br>・司令と副司令になった二人のお話（3本）<br>・おまけ本,,
125,鳴かぬ蛍が身を焦がす,なかぬほたるがみをこがす,ゼロ,ぜろ,ぜろのおみせ,2023-09-10,10,2,1,125,f,f,t,,成人してお酒を飲めるようになったふたりのお話,,
116,ねむれるけもの,ねむれるけもの,タチバナヤマト,たちばなやまと,橘花園,2023-09-10,10,2,1,116,f,f,t,,オメガバース/α千束×Ωたきな,,
123,Maybe it was like this...,Maybe it was like this...,"山本コリス, あっぷるふ","やまもとコリス, あっぷるふ",性癖魔Ⅱ,2023-02-18,5,2,1,123,f,t,f,,ちさたき学パロ、社会人パロ。学パロ(真ロボ)、社会人同棲パロ(クルミズ),,
121,シャッターを切って,シャッターをきって,"ざいふぉー,  律空Rikuu","ざいふぉー,  律空Rikuu",暁月たいむ,2023-09-10,10,2,1,121,f,f,f,,錦木くんと井ノ上さん,,
135,リンガーリンガー,リンガーリンガー,黒竹十歩,くろたけじっぽ,黒竹十歩,2023-12-01,1,2,1,135,f,f,f,,非CP含む、再録5本と書き下ろし1本,,
141,リコリコリフレインvol.2,リコリコリフレインvol.2,十乙加,とおか,十日茶屋,2023-12-30,11,3,1,141,f,f,f,アニメ後半イラスト,コリス・リコイルのイラストまとめ集第二弾です。<br>今作はアニメ9話から最終13話をテーマとしたイラストを中心にコメントと一緒にまとめております。<br>小ネタを詰め込んだ描き下ろし1ページも収録しております。アニメには映らなかったアングルや出来事をテーマに描いていますので、アニメ視聴のお供にもオススメです。,,https://www.melonbooks.co.jp/detail/detail.php?product_id=2183166
142,千束とたきなの初デート記念日,ちさととたきなのはつデートきねんび,めきめき,めきめき,めきめき亭,2023-12-30,11,1,1,142,f,f,f,ちさたき,ちさたき新婚シリーズ第3弾。<br>初デートで行きたくないところは……？<br>千束とたきながお互いの意見のすれ違いに悩みつつ、相手を想いあうお話です。,,https://www.pixiv.net/artworks/114578563
147,ちさたきのその後3,ちさたきのそのご3,とりごん,とりごん,フルーツアート,2023-12-30,11,1,1,147,f,f,f,ちさたき,千束とたきなの幼い頃の話です✨<br>リコリコ同人誌アンソロジーやSNSに掲載した話も載っています！,,https://www.pixiv.net/artworks/114627269
150,リ・マトメ,リ・マトメ,りた,りた,回転キカン,2023-12-30,11,1,1,150,f,f,f,ちさたき,主にwebに公開していた絵や漫画のまとめ本です。<br>本文フルカラー4P/描き下ろしも少し,,https://www.pixiv.net/artworks/114099107
153,とりしろじま絵日記,とりしろじまえにっき,"あゆま紗由, 葉乃はるか","あゆまさゆ, はのはるか",ヤモセブン×keepON,2018-10-07,12,1,3,153,f,t,f,SummerPockets合同誌,鍵っ子によるSummerPockets合同誌です。<br>ゲスト多数お呼びしています。,,https://www.pixiv.net/artworks/71031104
154,冬ポケ本。,ふゆポケぼん。,明,あきら,さくらのまち,2023-12-30,11,3,3,154,f,f,f,サマポケ,サマポケヒロインの冬をテーマにしたイラスト集です。<br>全て描きおろしです!<br>スペシャルゲストとしてヤスイさん(@yasuisan45)に漫画を描いていただきました!,,https://www.melonbooks.co.jp/detail/detail.php?product_id=2198639
157,My Sweet Bodyguard,My Sweet Bodyguard,律空,りっくう,果物一途,2022-10-15,13,1,1,157,f,f,t,ちさたき,千束とたきなが両想いになって、告白後の世界線<br>恋人と呼び合ってはいないけれど、恋人より深い関係だとお互い認識している,,https://www.pixiv.net/artworks/101499622
5,転生王女と天才令嬢の回想日記,てんせいおうじょとてんさいれいじょうのかいそうにっき,きさらぎゆり,きさらぎゆり,小春少女,2023-08-13,9,3,2,5,t,f,f,ファンアートイラスト集,アニメ放送中に描いたものを中心に転生王女と天才令嬢の魔法革命のファンアートをまとめました。<br>描きおろしも数枚収録しています。,,https://twitter.com/kisaragi_h29/status/1687033001149173760
44,尽日,じんじつ,"宗田, とどん, いればたふ, さち, うーろん, ハリルネル, ぶん, mobu, ぷこ, みっちゃ, Ying, 古本屋, バスロマン, Ree, あぶぶ, null, 渚, うかい, 彩羽柑凪, こんぺい, 律空, Яui, ルー, ヒノタロウ","むねた, とどん, いればたふ, さち, うーろん, ハリルネル, ぶん, mobu, ぷこ, みっちゃ, Ying, ふるほんや, バスロマン, Ree, あぶぶ, null, 渚, うかい, 彩羽柑凪, こんぺい, 律空, Яui, ルー, ヒノタロウ",洛北開発,2023-02-18,5,4,1,44,f,t,t,ちさたき,朝も、昼も、夜も、いざというときも。<br>おはようからおやすみまで、24名によるふたりのひとときを集めたアンソロジー,,https://project-overflow.booth.pm/items/4593260
136,リコリス・リコイル　BOTU・BON★,リコリス・リコイル　ぼつ・ぼん★,ぬくもりさん,ぬくもりさん,ぬくもりの湯,2023-08-12,9,3,1,136,t,f,f,,リコリス・リコイルのお蔵入りになったプロップ設定、未公開の落書き、イラストスケッチ集です。<br>SNSで公開したイラストもまとめております。<br>こうしてリコリコのプロップデザインは生まれました。,,https://www.melonbooks.co.jp/detail/detail.php?product_id=2129758
170,YOLO,YOLO,"もーりす, ｶﾒﾀ","もーりす, ｶﾒﾀ",MOMWOW ,2024-04-07,15,2,1,170,f,f,t,ちさたき,◇YOLO　ちさたき(R18)<br>◇女優×新人女優パロ<br>◇文庫/10万字/300p<br>◇表紙・人物紹介:れぇさん(X:@ree_kkr)<br>◇ゲスト:カメタさん(X:@kmt9993)<br>◇カメタさん寄稿SS:大学卒業前のコンビニ店員井ノ上さん(22)×大企業の営業マン錦木さん(27),,https://www.pixiv.net/novel/show.php?id=21901030
52,わたしのすきなもの,わたしのすきなもの,花谷,はなたに,Flower dot.,2023-09-10,10,1,1,52,f,f,f,,千束から宿題を出されて悩むたきなの話。<br>https://twitter.com/hanaya_102/status/1693958012573200389,,
79,当たり前になるまでに,あたりまえになるまでに,黒田,くろだ,迷犬ウッホ,2023-02-18,5,1,1,79,f,f,f,,◇千束が病院を抜け出したときのお話<br>◇心音確認のお話,,
134,SECRET REPORT,SECRET REPORT,シマリス急便,しまりすきゅうびん,押上銃砲火薬店,2023-09-10,10,2,1,134,f,f,f,,病院～宮古島までの間の逃亡中、千束は何をしていたのか,,
169,kametter,kametter,ｶﾒﾀ,かめた,こうらぼし,2024-04-07,15,2,1,169,f,f,f,ちさたき,リコリコSSのTwitter再録本です！<br>過去作23本＋書き下ろし1本の計24本を収録！<br>小説／A6文庫サイズ／352P／全年齢,,https://kmt9993.booth.pm/items/5601701
152,彼女と彼女の物語,かのじょとかのじょのものがたり,コイン,こいん,ASTRONOMY SYSTEMS,2023-12-30,11,1,1,152,f,f,f,ミズキとクルミ,ミズキとクルミが、それぞれどうやって今に至ったのかを描きたくなったので描いてみました。<br>24Pぎっちぎちに詰めてます。<br>奥付後書きすら補足になってるくらい。,,https://www.melonbooks.co.jp/detail/detail.php?product_id=2266760
